dataset,subject,Age,Sex,ERQReappraisal,ERQSuppression,strategy1_reappraise_yn_final,strategy1_best_fit_final,reg_rating,look_neg_rating,look_neu_rating,reg_success,emotion_reactivity
AHAB,1,45.6520547945205,1,27,18,1,1,2.85714285714286,3.23076923076923,1.35714285714286,0.37362637362637,1.87362637362637
AHAB,2,30.3945205479452,1,24,9,1,1,2.46666666666667,3.6,1,1.13333333333333,2.6
AHAB,3,33.4849315068493,1,29,4,1,3,3.33333333333333,4.35714285714286,1.06666666666667,1.02380952380953,3.29047619047619
AHAB,4,35.2821917808219,1,30,18,1,6,2.8,3.33333333333333,1,0.53333333333333,2.33333333333333
AHAB,5,40.9041095890411,-1,30,19,,,2.06666666666667,3.6,1.13333333333333,1.53333333333333,2.46666666666667
AHAB,6,31.9232876712329,-1,33,12,1,2,1.8,3.66666666666667,1.14285714285714,1.86666666666667,2.52380952380953
AHAB,7,38.8958904109589,-1,28,19,1,1,2.21428571428571,2.92307692307692,1,0.70879120879121,1.92307692307692
AHAB,8,51.7397260273973,-1,28,18,1,4,2.06666666666667,2.26666666666667,1,0.2,1.26666666666667
AHAB,9,31.427397260274,-1,28,12,1,7,2.69230769230769,2.76923076923077,1,0.0769230769230802,1.76923076923077
AHAB,10,54.6849315068493,-1,30,10,1,7,2.93333333333333,3.64285714285714,1.07692307692308,0.70952380952381,2.56593406593406
AHAB,11,48.6794520547945,1,29,4,1,2,3,4.23076923076923,1.14285714285714,1.23076923076923,3.08791208791209
AHAB,12,30.7342465753425,-1,30,19,1,4,3.13333333333333,3.42857142857143,1.21428571428571,0.2952380952381,2.21428571428572
AHAB,13,36.0493150684932,-1,26,18,1,2,2.86666666666667,3.21428571428571,1,0.34761904761904,2.21428571428571
AHAB,14,37.7397260273973,1,22,12,1,3,2.26666666666667,2.71428571428571,1,0.44761904761904,1.71428571428571
AHAB,15,36.5369863013699,1,33,17,1,3,2.4,3.13333333333333,1,0.73333333333333,2.13333333333333
AHAB,16,51.1643835616438,1,22,15,1,2,3.44444444444444,3.42857142857143,1,-0.01587301587301,2.42857142857143
AHAB,17,44.3643835616438,1,36,16,1,3,2.2,3.64285714285714,1,1.44285714285714,2.64285714285714
AHAB,18,50.2438356164384,1,27,15,1,1,2.78571428571429,3.92857142857143,1.07692307692308,1.14285714285714,2.85164835164835
AHAB,19,52.0657534246575,1,31,4,1,2,3.33333333333333,4.13333333333333,1.33333333333333,0.8,2.8
AHAB,20,37.1643835616438,-1,32,9,1,1,3.4,3.08333333333333,1.76923076923077,-0.31666666666667,1.31410256410256
AHAB,21,47.786301369863,1,36,14,1,8,2.90909090909091,2.85714285714286,1,-0.0519480519480502,1.85714285714286
AHAB,22,49.372602739726,1,29,22,1,2,1.33333333333333,2.73333333333333,1,1.4,1.73333333333333
AHAB,23,53.9424657534247,-1,31,14,1,1,2.78571428571429,3.6,1,0.81428571428571,2.6
AHAB,24,44.9342465753425,-1,36,18,1,1,3.4,3.69230769230769,1.2,0.29230769230769,2.49230769230769
AHAB,25,54.5506849315069,-1,30,11,1,1,2.4,3.13333333333333,1.35714285714286,0.73333333333333,1.77619047619047
AHAB,26,50.1452054794521,-1,31,18,1,8,3.21428571428571,3.5,1.28571428571429,0.28571428571429,2.21428571428571
AHAB,27,35.7698630136986,-1,23,16,1,3,3.28571428571429,3.1,1.5,-0.18571428571429,1.6
AHAB,28,44.2794520547945,-1,30,16,1,3,3.2,3.38461538461538,1.06666666666667,0.18461538461538,2.31794871794871
AHAB,29,32.627397260274,-1,15,26,1,1,2.33333333333333,3,1,0.66666666666667,2
AHAB,30,49.2438356164384,1,,,1,1,3.35714285714286,4.46666666666667,1.13333333333333,1.10952380952381,3.33333333333334
AHAB,31,40.627397260274,1,23,21,1,3,2.85714285714286,4.78571428571429,1.15384615384615,1.92857142857143,3.63186813186814
AHAB,32,51.0465753424658,1,32,10,1,2,1.6,1.8,1,0.2,0.8
AHAB,33,46.2821917808219,-1,35,10,1,2,1.69230769230769,3.85714285714286,1.53333333333333,2.16483516483517,2.32380952380953
AHAB,34,32.7315068493151,-1,20,9,1,1,3.2,3.5,1,0.3,2.5
AHAB,35,53.8767123287671,-1,31,10,1,1,3,3,1,0,2
AHAB,36,54.5643835616438,1,32,19,1,2,2.46666666666667,3.83333333333333,1,1.36666666666666,2.83333333333333
AHAB,37,40.6301369863014,-1,28,16,1,2,2,2.92307692307692,1,0.92307692307692,1.92307692307692
AHAB,38,33.7643835616438,1,23,13,1,3,2.73333333333333,3.07692307692308,1,0.34358974358975,2.07692307692308
AHAB,39,34.6630136986301,-1,27,22,1,4,2.8,3.28571428571429,1,0.48571428571429,2.28571428571429
AHAB,40,53.3890410958904,-1,18,21,1,2,2.2,4.5,1,2.3,3.5
AHAB,41,44.2821917808219,-1,35,23,1,3,3.06666666666667,3.42857142857143,1.07142857142857,0.36190476190476,2.35714285714286
AHAB,42,53.9698630136986,1,29,14,1,8,3.6,3.64285714285714,1.07142857142857,0.04285714285714,2.57142857142857
AHAB,43,48.8547945205479,-1,36,20,1,1,2.35714285714286,4.07692307692308,1,1.71978021978022,3.07692307692308
AHAB,44,33.0958904109589,1,27,14,1,3,3.14285714285714,3.58333333333333,1.07142857142857,0.44047619047619,2.51190476190476
AHAB,45,36.8794520547945,1,42,21,1,3,2.6,4.53333333333333,1.38461538461538,1.93333333333333,3.14871794871795
AHAB,46,53.8328767123288,-1,32,14,1,3,3.5,3.46666666666667,1,-0.0333333333333301,2.46666666666667
AHAB,47,40.2,-1,27,20,1,1,3,4.07142857142857,1.15384615384615,1.07142857142857,2.91758241758242
AHAB,48,37.7150684931507,1,20,18,1,2,2.46666666666667,3.64285714285714,1.13333333333333,1.17619047619047,2.50952380952381
AHAB,49,45.4630136986301,-1,31,21,1,4,2.73333333333333,4.07692307692308,1.25,1.34358974358975,2.82692307692308
AHAB,50,51.9260273972603,1,30,13,1,3,3.46666666666667,4.28571428571429,1,0.81904761904762,3.28571428571429
AHAB,51,41.9479452054794,-1,26,19,1,1,2.53333333333333,3.26666666666667,1.14285714285714,0.73333333333334,2.12380952380953
AHAB,52,49.9123287671233,-1,25,17,1,1,1.93333333333333,4.42857142857143,1,2.4952380952381,3.42857142857143
AHAB,53,44.7479452054795,1,29,17,1,2,2.33333333333333,4.71428571428571,1.08333333333333,2.38095238095238,3.63095238095238
AHAB,54,38.9123287671233,-1,33,8,1,1,2.86666666666667,3.4,1.2,0.53333333333333,2.2
AHAB,55,42.5315068493151,-1,30,16,1,2,1.73333333333333,2.71428571428571,1.06666666666667,0.98095238095238,1.64761904761904
AHAB,56,32.9287671232877,-1,28,23,1,3,3,3.61538461538462,1,0.61538461538462,2.61538461538462
AHAB,57,45.3671232876712,-1,30,4,1,1,2.26666666666667,2.06666666666667,1,-0.2,1.06666666666667
AHAB,58,31.7835616438356,1,29,10,1,1,2.4,2.46666666666667,1.06666666666667,0.06666666666667,1.4
AHAB,59,33.441095890411,-1,27,12,1,2,2.73333333333333,3,1,0.26666666666667,2
AHAB,60,33.9890410958904,1,39,17,1,3,3.21428571428571,4,1.07142857142857,0.78571428571429,2.92857142857143
AHAB,61,44.0602739726027,-1,28,15,1,3,2,2.73333333333333,1,0.73333333333333,1.73333333333333
AHAB,62,54,1,40,4,1,1,2.46153846153846,4.15384615384615,1,1.69230769230769,3.15384615384615
AHAB,63,52.6246575342466,-1,33,15,1,8,3.8,3.07142857142857,1,-0.72857142857143,2.07142857142857
AHAB,64,37.1479452054795,-1,26,16,1,1,2.4,2.85714285714286,1.15384615384615,0.45714285714286,1.70329670329671
AHAB,65,40.4082191780822,-1,33,18,1,2,2.42857142857143,3.57142857142857,1.07142857142857,1.14285714285714,2.5
AHAB,66,31.2767123287671,1,31,9,1,3,2.8,4.42857142857143,1,1.62857142857143,3.42857142857143
AHAB,67,31.5315068493151,1,41,21,0,9,2.4,3.5,1,1.1,2.5
AHAB,68,44.3095890410959,1,42,11,1,3,1.26666666666667,2.26666666666667,1,1,1.26666666666667
AHAB,69,49.6082191780822,1,41,21,1,8,3.35714285714286,4.07692307692308,2.07142857142857,0.71978021978022,2.00549450549451
AHAB,70,45.9835616438356,-1,,,0,9,4.06666666666667,4,1.21428571428571,-0.06666666666667,2.78571428571429
AHAB,71,43.1890410958904,1,31,9,1,1,2.46666666666667,1.85714285714286,1,-0.60952380952381,0.85714285714286
AHAB,72,43.972602739726,-1,33,16,1,2,2.23076923076923,2.33333333333333,1,0.1025641025641,1.33333333333333
AHAB,73,32.9534246575342,-1,29,15,1,3,3.2,3.14285714285714,1.07142857142857,-0.0571428571428601,2.07142857142857
AHAB,74,43.2821917808219,-1,24,12,1,3,2,3.6,1,1.6,2.6
AHAB,75,52.1917808219178,1,26,11,1,4,2.53333333333333,2.92857142857143,1,0.3952380952381,1.92857142857143
AHAB,76,46.8356164383562,1,33,14,1,1,3,3.23076923076923,1.07692307692308,0.23076923076923,2.15384615384615
AHAB,77,31.2958904109589,-1,30,18,0,9,2.78571428571429,2.38461538461538,1.2,-0.40109890109891,1.18461538461538
AHAB,78,45.4739726027397,1,27,12,1,4,3.26666666666667,3.33333333333333,1.35714285714286,0.0666666666666598,1.97619047619047
AHAB,79,41.227397260274,-1,28,13,1,8,2,2,1.21428571428571,0,0.78571428571429
AHAB,80,43.9698630136986,-1,30,17,1,1,2.14285714285714,2.6,1.06666666666667,0.45714285714286,1.53333333333333
AHAB,81,48.5287671232877,1,25,23,1,1,4.26666666666667,4.2,1.14285714285714,-0.06666666666667,3.05714285714286
AHAB,82,45.372602739726,1,33,7,1,3,2.76923076923077,4.69230769230769,1,1.92307692307692,3.69230769230769
AHAB,83,42.1013698630137,1,36,7,1,1,2.57142857142857,3.86666666666667,1.13333333333333,1.2952380952381,2.73333333333334
AHAB,84,49.7671232876712,-1,27,10,1,2,2.53333333333333,4.53333333333333,1.73333333333333,2,2.8
AHAB,85,55.2164383561644,1,30,19,1,1,3.93333333333333,4.33333333333333,1.54545454545455,0.4,2.78787878787878
AHAB,86,32.986301369863,-1,17,8,1,1,3,2.8,1,-0.2,1.8
AHAB,87,53.7698630136986,1,32,16,1,1,2.57142857142857,2.85714285714286,1.15384615384615,0.28571428571429,1.70329670329671
AHAB,88,54.1643835616438,1,30,12,1,4,4.28571428571429,4.42857142857143,1.07692307692308,0.14285714285714,3.35164835164835
AHAB,89,35.2054794520548,1,37,9,1,2,2.2,3.73333333333333,1.07142857142857,1.53333333333333,2.66190476190476
AHAB,90,31.0602739726027,1,35,18,1,1,3.21428571428571,4.14285714285714,1.06666666666667,0.92857142857143,3.07619047619047
AHAB,91,44.758904109589,-1,25,21,1,3,2.66666666666667,2.72727272727273,1,0.0606060606060601,1.72727272727273
AHAB,92,38.1232876712329,-1,34,16,1,8,3.30769230769231,3.6,1.13333333333333,0.29230769230769,2.46666666666667
AHAB,93,30.6438356164384,-1,17,20,1,1,2.4,3.73333333333333,1,1.33333333333333,2.73333333333333
AHAB,94,34.3150684931507,1,25,9,1,2,2.21428571428571,3.8,1,1.58571428571429,2.8
AHAB,95,35.5945205479452,-1,24,10,1,2,2.30769230769231,4.84615384615385,1.18181818181818,2.53846153846154,3.66433566433567
AHAB,96,53.7452054794521,1,36,6,1,1,3,3.5,1.21428571428571,0.5,2.28571428571429
AHAB,97,31.7041095890411,-1,27,12,1,1,2.2,2.53333333333333,1,0.33333333333333,1.53333333333333
AHAB,98,32.8465753424658,-1,11,23,1,8,1.6,2.13333333333333,1,0.53333333333333,1.13333333333333
AHAB,99,46.7095890410959,1,26,15,0,9,2.28571428571429,2.92857142857143,1,0.64285714285714,1.92857142857143
AHAB,100,30.4109589041096,-1,26,24,1,1,2.33333333333333,3,1,0.66666666666667,2
AHAB,101,43.2821917808219,-1,31,14,1,1,1.86666666666667,3.4,1,1.53333333333333,2.4
AHAB,102,42.6547945205479,-1,34,19,1,3,3.13333333333333,3.93333333333333,1.2,0.8,2.73333333333333
AHAB,103,34.7424657534247,-1,18,21,1,1,3.33333333333333,4.2,1.53846153846154,0.86666666666667,2.66153846153846
AHAB,104,32.4849315068493,-1,25,23,1,1,2.92857142857143,3.6,1,0.67142857142857,2.6
AHAB,105,51.9534246575342,1,36,14,1,1,3.69230769230769,3.92857142857143,1.28571428571429,0.23626373626374,2.64285714285714
AHAB,106,54.2246575342466,-1,27,14,1,2,2.76923076923077,3.25,1,0.48076923076923,2.25
AHAB,107,35.5178082191781,-1,24,20,1,2,2.33333333333333,3,1,0.66666666666667,2
AHAB,108,47.0219178082192,1,31,10,1,3,3,3.93333333333333,1.33333333333333,0.93333333333333,2.6
AHAB,109,49.4849315068493,1,42,26,0,9,2.06666666666667,2.8,1.06666666666667,0.73333333333333,1.73333333333333
AHAB,110,41.427397260274,1,26,11,1,1,2.93333333333333,4.06666666666667,1.26666666666667,1.13333333333334,2.8
AHAB,111,51.3178082191781,1,35,5,1,1,3.21428571428571,3.73333333333333,1.53846153846154,0.51904761904762,2.19487179487179
AHAB,112,46.3780821917808,1,28,11,1,8,2.61538461538462,2.64285714285714,1.07692307692308,0.0274725274725203,1.56593406593406
AHAB,113,47.6520547945205,-1,24,17,1,7,1.61538461538462,2.28571428571429,1,0.67032967032967,1.28571428571429
AHAB,114,35.2876712328767,1,22,6,1,3,3.46153846153846,4.53846153846154,1,1.07692307692308,3.53846153846154
AHAB,115,36.6520547945205,-1,27,17,1,2,3.61538461538462,4,1.4,0.38461538461538,2.6
AHAB,116,45.9260273972603,-1,31,13,1,1,2.46666666666667,4.8,1.66666666666667,2.33333333333333,3.13333333333333
AHAB,117,53.9342465753425,-1,37,18,1,1,2.15384615384615,4.21428571428571,1.14285714285714,2.06043956043956,3.07142857142857
AHAB,118,48.3780821917808,1,40,4,1,2,1.57142857142857,3.14285714285714,1,1.57142857142857,2.14285714285714
AHAB,119,46.3013698630137,-1,27,19,1,3,2.28571428571429,2.88888888888889,1.07692307692308,0.6031746031746,1.81196581196581
AHAB,120,42.1123287671233,-1,28,13,1,5,2.46666666666667,4.18181818181818,1.07692307692308,1.71515151515151,3.1048951048951
AHAB,121,47.3972602739726,-1,24,14,1,8,3,3.53333333333333,1,0.53333333333333,2.53333333333333
AHAB,122,49.6739726027397,1,40,5,1,4,3.14285714285714,3.73333333333333,2,0.59047619047619,1.73333333333333
AHAB,123,50.7753424657534,-1,30,22,1,3,3.26666666666667,3.71428571428571,1.06666666666667,0.44761904761904,2.64761904761904
AHAB,124,37.8712328767123,1,34,22,1,3,2.92307692307692,3.6,1,0.67692307692308,2.6
AHAB,125,47.5671232876712,-1,33,16,1,1,2.2,3.13333333333333,1,0.93333333333333,2.13333333333333
AHAB,126,50.3342465753425,-1,29,12,1,6,2.57142857142857,3.6,1,1.02857142857143,2.6
AHAB,127,46.8054794520548,1,25,7,1,1,3.57142857142857,3.85714285714286,1.46666666666667,0.28571428571429,2.39047619047619
AHAB,128,31.2767123287671,1,29,13,1,1,2.06666666666667,2.5,1.2,0.43333333333333,1.3
AHAB,129,43.027397260274,-1,32,18,1,7,2.42857142857143,2.85714285714286,1.4,0.42857142857143,1.45714285714286
AHAB,130,47.4109589041096,-1,31,14,1,3,2.46666666666667,3.61538461538462,1.33333333333333,1.14871794871795,2.28205128205129
AHAB,131,44.5753424657534,-1,26,7,1,8,4.84615384615385,4.72727272727273,1.84615384615385,-0.11888111888112,2.88111888111888
AHAB,132,34.3616438356164,1,38,10,1,1,2.53333333333333,3.14285714285714,1,0.60952380952381,2.14285714285714
AHAB,133,41.027397260274,1,32,17,1,3,3.26666666666667,3.33333333333333,1.26666666666667,0.0666666666666598,2.06666666666666
AHAB,134,44.3616438356164,-1,31,17,1,8,3.57142857142857,3.86666666666667,1,0.2952380952381,2.86666666666667
AHAB,135,44.3068493150685,-1,27,17,1,1,2.92307692307692,3.86666666666667,1.06666666666667,0.94358974358975,2.8
AHAB,136,46.7205479452055,1,34,16,1,1,3.84615384615385,3.5,2,-0.34615384615385,1.5
AHAB,137,46.1616438356164,1,30,14,1,8,3,4.27272727272727,1,1.27272727272727,3.27272727272727
AHAB,138,44.3753424657534,1,29,20,1,5,2.2,2.07142857142857,1,-0.12857142857143,1.07142857142857
AHAB,139,51.2,1,35,17,1,2,2.61538461538462,3.81818181818182,1.07142857142857,1.2027972027972,2.74675324675325
AHAB,140,34.1452054794521,-1,34,23,1,3,3.57142857142857,3.64285714285714,1.21428571428571,0.0714285714285703,2.42857142857143
AHAB,141,35.9123287671233,-1,34,15,1,3,1.64285714285714,1.46666666666667,1,-0.17619047619047,0.46666666666667
AHAB,142,48.1397260273973,-1,26,25,1,4,2.46153846153846,2.6,1.13333333333333,0.13846153846154,1.46666666666667
AHAB,143,32.0821917808219,1,26,13,1,8,2,2.33333333333333,1,0.33333333333333,1.33333333333333
AHAB,144,39.2356164383562,1,,,1,2,2.26666666666667,3.78571428571429,1.14285714285714,1.51904761904762,2.64285714285715
AHAB,145,45.041095890411,-1,31,19,1,3,2.5,3,1,0.5,2
AHAB,146,49.5890410958904,1,27,11,1,1,3.26666666666667,3.42857142857143,1,0.16190476190476,2.42857142857143
AHAB,147,43.9287671232877,1,30,17,1,8,3.07142857142857,3.8,1.30769230769231,0.72857142857143,2.49230769230769
AHAB,148,50.4657534246575,1,18,15,1,1,3,3.42857142857143,2.8,0.42857142857143,0.62857142857143
AHAB,149,36.3205479452055,1,32,4,1,2,3.8,4.66666666666667,1,0.86666666666667,3.66666666666667
AHAB,150,50.1671232876712,-1,31,18,1,1,2.92307692307692,3.84615384615385,1.07142857142857,0.92307692307693,2.77472527472528
AHAB,151,52.9561643835616,1,23,14,1,2,1.78571428571429,1.84615384615385,1,0.06043956043956,0.84615384615385
AHAB,152,34.0547945205479,1,30,15,1,1,3.93333333333333,4.46666666666667,1.06666666666667,0.53333333333334,3.4
AHAB,153,51.2876712328767,1,28,18,1,2,2.53333333333333,4.4,1.07142857142857,1.86666666666667,3.32857142857143
AHAB,154,49.9671232876712,1,25,18,1,8,3.14285714285714,3.42857142857143,1,0.28571428571429,2.42857142857143
AHAB,155,39.786301369863,-1,29,18,1,1,2.57142857142857,3.4,1,0.82857142857143,2.4
AHAB,156,51.1616438356164,1,24,14,1,1,2.53846153846154,3,1,0.46153846153846,2
AHAB,157,47.2,-1,24,14,1,2,2.06666666666667,4.64285714285714,1.33333333333333,2.57619047619047,3.30952380952381
AHAB,158,45.5643835616438,-1,31,22,1,8,2.26666666666667,2.14285714285714,1,-0.12380952380953,1.14285714285714
AHAB,159,53.5068493150685,-1,27,10,1,3,2.4,4.35714285714286,1.06666666666667,1.95714285714286,3.29047619047619
AHAB,160,34.7095890410959,-1,26,19,1,4,2.4,3.07692307692308,1.33333333333333,0.67692307692308,1.74358974358975
AHAB,161,41.413698630137,1,35,21,1,1,2.66666666666667,3.23076923076923,1.35714285714286,0.56410256410256,1.87362637362637
AHAB,162,51.5671232876712,-1,24,18,1,3,2.8,3.07692307692308,1,0.27692307692308,2.07692307692308
AHAB,163,53.2739726027397,-1,42,10,1,1,3.88888888888889,4.18181818181818,1,0.29292929292929,3.18181818181818
AHAB,164,40.186301369863,-1,34,9,1,5,1.92857142857143,3.85714285714286,1.5,1.92857142857143,2.35714285714286
AHAB,165,43.9068493150685,-1,11,20,1,1,3.64285714285714,3.83333333333333,1.21428571428571,0.19047619047619,2.61904761904762
AHAB,166,47.8520547945205,1,35,10,1,1,2.66666666666667,4.58333333333333,1.30769230769231,1.91666666666666,3.27564102564102
AHAB,167,49.7671232876712,1,37,13,1,1,2.85714285714286,3.13333333333333,1,0.27619047619047,2.13333333333333
AHAB,168,41.7479452054795,-1,33,6,1,1,3.46666666666667,4,1,0.53333333333333,3
AHAB,169,42.227397260274,1,33,10,1,1,3.13333333333333,2.71428571428571,1,-0.41904761904762,1.71428571428571
AHAB,170,50.5671232876712,1,30,16,1,1,3.64285714285714,3.71428571428571,1.06666666666667,0.0714285714285698,2.64761904761904
AHAB,171,47.427397260274,1,34,10,1,1,4.09090909090909,3.66666666666667,1,-0.42424242424242,2.66666666666667
AHAB,172,54.4109589041096,1,34,9,1,2,2.26666666666667,3.07142857142857,1,0.8047619047619,2.07142857142857
AHAB,173,42.6739726027397,1,36,13,1,2,2.14285714285714,3.46153846153846,1,1.31868131868132,2.46153846153846
AHAB,174,40.9808219178082,1,28,16,1,3,3.06666666666667,3.93333333333333,1.35714285714286,0.86666666666666,2.57619047619047
AHAB,175,54.558904109589,-1,30,24,1,3,4.46153846153846,4.42857142857143,1,-0.0329670329670302,3.42857142857143
AHAB,176,36.9232876712329,-1,41,10,0,9,3.86666666666667,3.76923076923077,1.07142857142857,-0.0974358974358998,2.6978021978022
AHAB,177,47.172602739726,-1,28,6,1,1,3.26666666666667,3.14285714285714,1,-0.12380952380953,2.14285714285714
AHAB,178,54.2876712328767,1,36,8,1,4,3.07692307692308,4.46666666666667,1.28571428571429,1.38974358974359,3.18095238095238
AHAB,179,44.0849315068493,-1,32,21,1,1,2.92857142857143,2.8,1,-0.12857142857143,1.8
AHAB,180,40.5808219178082,1,30,12,1,1,3.46666666666667,4.23076923076923,1,0.76410256410256,3.23076923076923
AHAB,181,32.1369863013699,-1,36,18,1,2,2.26666666666667,2.42857142857143,1,0.16190476190476,1.42857142857143
AHAB,182,41.6219178082192,1,25,18,1,1,3.46666666666667,4.4,1.15384615384615,0.93333333333333,3.24615384615385
PIP,1,42.7095890410959,-1,30,15,1,6,2.93333333333333,3.73333333333333,1.06666666666667,0.8,2.66666666666666
PIP,2,47.0986301369863,-1,32,24,1,2,4,4.08333333333333,1.06666666666667,0.0833333333333304,3.01666666666666
PIP,3,48.6904109589041,-1,20,4,1,3,2.06666666666667,3.66666666666667,2.93333333333333,1.6,0.73333333333334
PIP,4,49.4876712328767,1,24,16,0,9,3.57142857142857,3.38461538461538,1.46666666666667,-0.18681318681319,1.91794871794871
PIP,5,39.6849315068493,1,38,13,1,1,2.46666666666667,4.35714285714286,1.53333333333333,1.89047619047619,2.82380952380953
PIP,6,43.4027397260274,1,27,6,1,4,3.66666666666667,3.2,1.06666666666667,-0.46666666666667,2.13333333333333
PIP,7,33.8246575342466,1,20,12,0,8,3.5,4.06666666666667,1.53333333333333,0.56666666666667,2.53333333333334
PIP,8,30.641095890411,-1,29,16,1,4,3.4,4.06666666666667,1.26666666666667,0.66666666666667,2.8
PIP,9,32.4164383561644,1,37,18,1,3,2.71428571428571,3.66666666666667,1.06666666666667,0.95238095238096,2.6
PIP,10,40.9890410958904,-1,28,22,1,4,3.64285714285714,3.83333333333333,1.06666666666667,0.19047619047619,2.76666666666666
PIP,11,37.0849315068493,-1,42,22,1,3,1.57142857142857,2.06666666666667,1,0.4952380952381,1.06666666666667
PIP,12,31.172602739726,1,27,6,1,3,3.4,3.57142857142857,1,0.17142857142857,2.57142857142857
PIP,13,31.6219178082192,1,30,4,1,4,4.2,3.73333333333333,1,-0.46666666666667,2.73333333333333
PIP,14,43.1260273972603,-1,26,18,1,2,2.8,3.46666666666667,1.06666666666667,0.66666666666667,2.4
PIP,15,31.4301369863014,1,35,12,1,3,2.73333333333333,4.06666666666667,1.2,1.33333333333334,2.86666666666667
PIP,16,44.8794520547945,1,26,18,1,2,3.26666666666667,4.38461538461539,1.46666666666667,1.11794871794872,2.91794871794872
PIP,17,41.4164383561644,1,30,12,1,3,2.66666666666667,2.25,1.33333333333333,-0.41666666666667,0.91666666666667
PIP,18,33.0301369863014,-1,35,20,1,1,3.5,3.53846153846154,1.13333333333333,0.0384615384615401,2.40512820512821
PIP,19,35.9506849315068,1,27,10,1,2,1.53333333333333,3.26666666666667,1.06666666666667,1.73333333333334,2.2
PIP,20,47.2767123287671,1,29,7,1,2,2,2.86666666666667,1,0.86666666666667,1.86666666666667
PIP,21,38.8438356164384,-1,33,15,1,1,2.64285714285714,3.66666666666667,1.28571428571429,1.02380952380953,2.38095238095238
PIP,22,36.9643835616438,-1,29,12,1,4,3.14285714285714,3.33333333333333,1.2,0.19047619047619,2.13333333333333
PIP,23,49.827397260274,1,30,11,0,4,2.4,4.35714285714286,1.33333333333333,1.95714285714286,3.02380952380953
PIP,24,48.8821917808219,-1,26,22,1,1,4.53333333333333,4.6,1,0.06666666666667,3.6
PIP,25,30.2328767123288,1,42,7,1,2,1.5,1.42857142857143,1,-0.0714285714285701,0.42857142857143
PIP,26,34.7835616438356,1,27,13,1,2,2.06666666666667,3.53333333333333,1.53333333333333,1.46666666666666,2
PIP,27,36.8438356164384,1,23,9,1,1,2.86666666666667,3.2,1,0.33333333333333,2.2
PIP,28,40.5780821917808,1,32,10,1,1,3.375,4,1,0.625,3
PIP,29,47.4876712328767,-1,27,17,1,3,3.2,4.35714285714286,1.5,1.15714285714286,2.85714285714286
PIP,30,35.5671232876712,-1,31,15,1,1,2.66666666666667,3.26666666666667,1.26666666666667,0.6,2
PIP,31,49.1178082191781,-1,31,19,1,3,3.06666666666667,4.13333333333333,1.33333333333333,1.06666666666666,2.8
PIP,32,37.2082191780822,1,30,13,1,3,3,3.26666666666667,1.06666666666667,0.26666666666667,2.2
PIP,33,41.5095890410959,1,30,20,1,3,4.07142857142857,4.21428571428571,1.73333333333333,0.14285714285714,2.48095238095238
PIP,34,30.9671232876712,-1,26,9,1,2,3.42857142857143,4.07142857142857,1.07692307692308,0.64285714285714,2.99450549450549
PIP,35,36.2684931506849,1,34,13,1,1,3.53333333333333,4.06666666666667,1.14285714285714,0.53333333333334,2.92380952380953
PIP,36,34.4876712328767,-1,31,15,1,1,3.6,4,1,0.4,3
PIP,37,48.0657534246575,-1,28,15,1,1,3.2,3.86666666666667,1.06666666666667,0.66666666666667,2.8
PIP,38,37.6986301369863,-1,24,10,1,3,2.66666666666667,3.6,1.46666666666667,0.93333333333333,2.13333333333333
PIP,39,48.0109589041096,-1,30,14,1,6,4.46666666666667,3.86666666666667,1.28571428571429,-0.600000000000001,2.58095238095238
PIP,40,48.5369863013699,1,32,12,1,3,3.26666666666667,4,1,0.73333333333333,3
PIP,41,44.2520547945205,-1,27,14,1,2,2.93333333333333,3.42857142857143,1,0.4952380952381,2.42857142857143
PIP,42,42.6493150684932,1,31,7,1,1,2.73333333333333,3.21428571428571,1.13333333333333,0.48095238095238,2.08095238095238
PIP,43,34.5479452054795,1,10,23,1,3,3.41666666666667,4.21428571428571,1.4,0.79761904761904,2.81428571428571
PIP,44,47.6986301369863,1,31,12,1,3,2.33333333333333,3.07142857142857,1.06666666666667,0.73809523809524,2.0047619047619
PIP,45,48.2219178082192,-1,32,16,1,4,2.13333333333333,4.38461538461539,1.26666666666667,2.25128205128206,3.11794871794872
PIP,46,34.4602739726027,1,40,16,1,3,4.30769230769231,4.46153846153846,1.07692307692308,0.15384615384615,3.38461538461538
PIP,47,32.9424657534247,1,32,14,1,2,1.86666666666667,2.85714285714286,1.23076923076923,0.99047619047619,1.62637362637363
PIP,48,48.1945205479452,-1,34,19,1,3,3.8,4.42857142857143,1.26666666666667,0.62857142857143,3.16190476190476
PIP,49,42.5424657534247,1,37,23,1,2,2.07692307692308,2.35714285714286,2.14285714285714,0.28021978021978,0.21428571428572
PIP,50,44.3205479452055,-1,36,14,1,1,2.76923076923077,3.92857142857143,1.07142857142857,1.15934065934066,2.85714285714286
PIP,51,45.3369863013699,1,19,19,1,3,3.86666666666667,4,1,0.13333333333333,3
PIP,52,50.9452054794521,-1,35,25,1,3,3.13333333333333,3.6,1,0.46666666666667,2.6
PIP,53,47.5479452054795,1,33,18,1,8,3.13333333333333,3.4,1.21428571428571,0.26666666666667,2.18571428571429
PIP,54,39.4356164383562,-1,25,19,1,2,4,4.64285714285714,1,0.64285714285714,3.64285714285714
PIP,55,37.8027397260274,1,24,12,1,3,2.14285714285714,3.53333333333333,1.93333333333333,1.39047619047619,1.6
PIP,56,35.2520547945205,-1,42,18,1,3,3,2.53333333333333,1,-0.46666666666667,1.53333333333333
PIP,57,38.9123287671233,1,36,4,1,2,3.35714285714286,4.4,1.15384615384615,1.04285714285714,3.24615384615385
PIP,58,39.5178082191781,-1,27,24,0,9,4.53846153846154,2.66666666666667,2.07692307692308,-1.87179487179487,0.58974358974359
PIP,59,32.5616438356164,-1,27,15,1,2,2.28571428571429,2.73333333333333,1.21428571428571,0.44761904761904,1.51904761904762
PIP,60,44.9835616438356,1,34,18,1,3,2.76923076923077,3.38461538461538,1.57142857142857,0.61538461538461,1.81318681318681
PIP,61,43.9808219178082,-1,31,13,1,2,4.06666666666667,3.71428571428571,1.26666666666667,-0.35238095238096,2.44761904761904
PIP,62,34.7095890410959,1,28,19,1,1,2.66666666666667,3.13333333333333,1,0.46666666666666,2.13333333333333
PIP,63,47.7506849315068,1,32,16,1,3,4,4.46153846153846,1.46666666666667,0.46153846153846,2.99487179487179
PIP,64,37.413698630137,-1,37,21,1,3,2.66666666666667,3.85714285714286,1.13333333333333,1.19047619047619,2.72380952380953
PIP,65,49.3424657534247,1,34,14,1,2,3.25,3.15384615384615,1.26666666666667,-0.0961538461538498,1.88717948717948
PIP,66,34.9972602739726,-1,26,22,1,7,2.8,2.14285714285714,2.2,-0.65714285714286,-0.0571428571428601
PIP,67,35.7397260273973,1,27,15,1,2,2.28571428571429,2.64285714285714,1,0.35714285714285,1.64285714285714
PIP,68,38.2246575342466,-1,26,18,1,1,3.2,3.8,1.93333333333333,0.6,1.86666666666667
PIP,69,36.0931506849315,-1,30,20,1,1,2.4,3.53333333333333,1,1.13333333333333,2.53333333333333
PIP,70,45.5287671232877,1,14,4,1,0,3.13333333333333,3.13333333333333,1.2,0,1.93333333333333
PIP,71,33.0684931506849,1,31,16,1,3,2.26666666666667,2.64285714285714,1.06666666666667,0.37619047619047,1.57619047619047
PIP,72,30.9671232876712,1,32,20,1,2,3.6,4.42857142857143,1.53333333333333,0.82857142857143,2.8952380952381
PIP,73,37.6191780821918,1,31,7,1,2,3.4,4.5,1,1.1,3.5
PIP,74,33.5671232876712,1,31,11,1,3,4.2,4.53333333333333,1,0.33333333333333,3.53333333333333
PIP,75,42.9534246575342,1,38,15,1,3,2.33333333333333,4.13333333333333,1.4,1.8,2.73333333333333
PIP,76,33.9369863013699,-1,30,14,1,8,3.46666666666667,3.6,1.13333333333333,0.13333333333333,2.46666666666667
PIP,77,48.2328767123288,-1,21,18,0,9,3.4,3,1.30769230769231,-0.4,1.69230769230769
PIP,78,45.213698630137,1,28,16,1,1,3.42857142857143,3.42857142857143,1.57142857142857,0,1.85714285714286
PIP,79,48.1232876712329,-1,36,12,1,3,1.2,1.53846153846154,1,0.33846153846154,0.53846153846154
PIP,80,37.2328767123288,-1,31,15,1,8,3.71428571428571,3.53333333333333,1.28571428571429,-0.18095238095238,2.24761904761904
PIP,81,30.4602739726027,-1,24,12,1,1,3.2,3.8,1.33333333333333,0.6,2.46666666666667
PIP,82,36.7397260273973,-1,24,16,1,2,2.8,2.71428571428571,1.06666666666667,-0.0857142857142899,1.64761904761904
PIP,83,33.8,-1,29,10,1,8,3.57142857142857,3.53846153846154,1,-0.0329670329670297,2.53846153846154
PIP,84,43.227397260274,1,28,10,1,7,3.4,3.33333333333333,1.15384615384615,-0.06666666666667,2.17948717948718
PIP,85,47.1452054794521,1,30,19,1,4,3.8,3.8,1.46666666666667,0,2.33333333333333
PIP,86,39.3150684931507,-1,33,15,1,0,3.33333333333333,3.64285714285714,1,0.30952380952381,2.64285714285714
PIP,87,32.4931506849315,-1,20,15,1,1,2.93333333333333,3.66666666666667,1,0.73333333333334,2.66666666666667
PIP,88,37.3095890410959,1,32,14,1,3,4.28571428571429,4,1,-0.28571428571429,3
PIP,89,48.9835616438356,-1,29,22,1,5,3,3,1,0,2
PIP,90,42.2547945205479,1,36,10,1,1,3.26666666666667,3.53333333333333,1.13333333333333,0.26666666666666,2.4
PIP,91,41.0219178082192,-1,39,14,0,2,1.6,3.4,1.2,1.8,2.2
PIP,92,45.1972602739726,1,24,12,1,0,2.8,3.8,2.4,1,1.4
PIP,93,45.6767123287671,-1,32,19,1,0,2.57142857142857,3.92857142857143,1.06666666666667,1.35714285714286,2.86190476190476
PIP,94,30.7342465753425,1,24,14,1,8,2.8,4.30769230769231,1.33333333333333,1.50769230769231,2.97435897435898
PIP,95,31.1917808219178,1,42,17,1,1,4.13333333333333,4.5,1.06666666666667,0.36666666666667,3.43333333333333
PIP,96,44.627397260274,-1,33,14,1,2,3.93333333333333,3.93333333333333,1,0,2.93333333333333
PIP,97,31.758904109589,-1,30,13,1,2,3.13333333333333,4.06666666666667,1.2,0.93333333333334,2.86666666666667
PIP,98,44.5506849315069,1,36,14,1,2,2.5,3.42857142857143,1.44444444444444,0.92857142857143,1.98412698412699
PIP,99,47.8493150684931,1,10,5,1,4,4.2,4,1.13333333333333,-0.2,2.86666666666667
PIP,100,36.5972602739726,-1,23,20,1,2,2.66666666666667,3.73333333333333,1.33333333333333,1.06666666666666,2.4
PIP,101,34.6602739726027,-1,35,18,1,2,2.64285714285714,3.64285714285714,1.4,1,2.24285714285714
PIP,102,31.5643835616438,-1,34,12,1,3,2.8,3.13333333333333,1.4,0.33333333333333,1.73333333333333
PIP,103,32.4520547945205,-1,42,21,1,2,3.06666666666667,3.93333333333333,1.13333333333333,0.86666666666666,2.8
PIP,104,46.6054794520548,1,31,22,1,3,3.42857142857143,3.33333333333333,1.13333333333333,-0.0952380952381002,2.2
PIP,105,47.2520547945205,-1,33,21,0,9,4.4,4.46666666666667,1.42857142857143,0.06666666666667,3.03809523809524
PIP,106,32.2821917808219,1,24,8,1,1,3.18181818181818,4,1.26666666666667,0.81818181818182,2.73333333333333
PIP,107,32.9315068493151,-1,27,20,1,2,2.13333333333333,4,1.33333333333333,1.86666666666667,2.66666666666667
PIP,108,39.2301369863014,1,30,16,1,2,2.38461538461538,3.41666666666667,1.07142857142857,1.03205128205129,2.3452380952381
PIP,109,47.6082191780822,1,35,16,1,2,3.4,3.93333333333333,1.06666666666667,0.53333333333333,2.86666666666666
PIP,110,47.3397260273973,1,33,9,1,4,3.5,4.4,1.06666666666667,0.9,3.33333333333333
PIP,111,31.6438356164384,-1,24,14,1,8,2.73333333333333,2.86666666666667,1,0.13333333333334,1.86666666666667
PIP,112,47.5643835616438,-1,26,17,0,9,5,4.8,1.4,-0.2,3.4
PIP,113,34.5890410958904,1,23,7,1,1,3.73333333333333,3.92857142857143,1.13333333333333,0.1952380952381,2.7952380952381
PIP,114,43.6547945205479,1,27,13,1,1,3.8,4.53333333333333,1.2,0.73333333333333,3.33333333333333
PIP,115,47.041095890411,-1,29,14,1,3,3.63636363636364,3.63636363636364,2,0,1.63636363636364
PIP,116,44.427397260274,-1,31,24,1,1,3.13333333333333,4.13333333333333,1.2,1,2.93333333333333
PIP,117,48.1397260273973,-1,38,16,1,4,4.53333333333333,4.76923076923077,2,0.23589743589744,2.76923076923077
PIP,118,44,1,34,17,1,2,1.53333333333333,2.2,1.13333333333333,0.66666666666667,1.06666666666667
PIP,119,46.7424657534247,1,28,12,1,4,3,4.71428571428571,1.07142857142857,1.71428571428571,3.64285714285714
PIP,120,34.6986301369863,-1,38,22,1,2,2.93333333333333,3.07142857142857,1,0.13809523809524,2.07142857142857
PIP,121,42.5178082191781,-1,25,15,1,2,2.53333333333333,3.13333333333333,1,0.6,2.13333333333333
PIP,122,49.7945205479452,1,25,5,1,2,3.14285714285714,4.78571428571429,1.21428571428571,1.64285714285715,3.57142857142858
PIP,123,43.8986301369863,-1,24,19,1,8,3.66666666666667,3.66666666666667,1.66666666666667,0,2
PIP,124,32.7342465753425,-1,28,19,1,4,1.86666666666667,2.46666666666667,1,0.6,1.46666666666667
PIP,125,41.7205479452055,-1,21,10,1,1,3.2,2.8,1,-0.4,1.8
PIP,126,34.0958904109589,1,39,23,1,8,3.66666666666667,3.28571428571429,1.66666666666667,-0.38095238095238,1.61904761904762
PIP,127,50.8493150684931,1,35,13,1,2,2.46666666666667,3.86666666666667,1.26666666666667,1.4,2.6
PIP,128,40.1397260273973,-1,41,15,1,3,3.21428571428571,4.33333333333333,1.2,1.11904761904762,3.13333333333333
PIP,129,37.1095890410959,1,28,8,1,4,3.73333333333333,3.92857142857143,1.26666666666667,0.1952380952381,2.66190476190476
PIP,130,32.2794520547945,-1,37,16,1,8,2.5,2.71428571428571,1.46666666666667,0.21428571428571,1.24761904761904
PIP,131,50.0520547945206,1,41,28,0,9,3.5,3.36363636363636,2,-0.13636363636364,1.36363636363636
PIP,132,31.0383561643836,-1,34,17,1,2,3.16666666666667,3.28571428571429,1,0.11904761904762,2.28571428571429
PIP,133,51.3671232876712,1,34,14,,,3.6,4.5,1.6,0.9,2.9
PIP,134,42.772602739726,1,31,16,1,1,3.21428571428571,2.77777777777778,1.13333333333333,-0.43650793650793,1.64444444444445
PIP,135,48.2602739726027,-1,26,17,1,1,4.07692307692308,3.86666666666667,2.07692307692308,-0.21025641025641,1.78974358974359
PIP,136,49.2712328767123,1,33,15,1,0,4.46666666666667,4.33333333333333,1.06666666666667,-0.13333333333334,3.26666666666666
PIP,137,30.6438356164384,-1,29,18,1,3,3,4.13333333333333,1.46666666666667,1.13333333333333,2.66666666666666
PIP,138,34.3671232876712,1,30,18,1,3,3.26666666666667,3.2,1.28571428571429,-0.06666666666667,1.91428571428571
PIP,139,40.9698630136986,1,36,12,1,3,4.4,4.2,1.26666666666667,-0.2,2.93333333333333
PIP,140,45.7178082191781,-1,30,17,1,2,1.8,3.07692307692308,1,1.27692307692308,2.07692307692308
PIP,141,43.5397260273973,-1,26,17,1,3,2.09090909090909,2.90909090909091,1.18181818181818,0.81818181818182,1.72727272727273
PIP,142,47.5342465753425,1,28,9,1,4,3.66666666666667,4.15384615384615,1.13333333333333,0.48717948717948,3.02051282051282
PIP,143,47.641095890411,1,21,16,1,8,3.73333333333333,3.92857142857143,2.2,0.1952380952381,1.72857142857143
PIP,144,51.0493150684932,1,33,16,1,7,3,3.14285714285714,1.14285714285714,0.14285714285714,2
PIP,145,44.0602739726027,-1,32,12,1,3,3.46666666666667,4.13333333333333,1.13333333333333,0.66666666666666,3
PIP,146,31.2493150684931,-1,25,14,1,1,4.06666666666667,4,1.06666666666667,-0.06666666666667,2.93333333333333
PIP,147,46.2109589041096,-1,36,11,1,8,2.8,3.4,1.25,0.6,2.15
PIP,148,41.813698630137,-1,24,14,1,1,3.33333333333333,4.21428571428571,1.33333333333333,0.88095238095238,2.88095238095238
PIP,149,41.613698630137,1,34,15,1,2,3.92857142857143,3.92307692307692,1.23076923076923,-0.00549450549451036,2.69230769230769
PIP,150,45.4876712328767,1,32,14,1,4,3.33333333333333,4.2,1.26666666666667,0.86666666666667,2.93333333333333
PIP,151,45.5013698630137,-1,33,17,0,9,3,2.5,1,-0.5,1.5
PIP,152,31.2958904109589,-1,33,12,1,3,2.73333333333333,3.13333333333333,1,0.4,2.13333333333333
PIP,153,44.6219178082192,1,28,20,1,8,3.28571428571429,3.93333333333333,1.06666666666667,0.64761904761904,2.86666666666666
PIP,154,32.8630136986301,1,39,8,1,4,3.42857142857143,4.26666666666667,1.07142857142857,0.83809523809524,3.1952380952381
PIP,155,47.9561643835616,-1,20,14,1,2,2.78571428571429,3.71428571428571,1.06666666666667,0.92857142857142,2.64761904761904
PIP,156,47.0739726027397,1,35,6,1,3,3.5,4.69230769230769,1.4,1.19230769230769,3.29230769230769
PIP,157,32.0794520547945,-1,34,17,1,3,3.81818181818182,3.33333333333333,2.28571428571429,-0.48484848484849,1.04761904761904
PIP,158,40.1972602739726,1,25,15,1,5,2.4,2.5,1,0.1,1.5
PIP,159,31.413698630137,1,33,21,1,2,3.13333333333333,4,1.25,0.86666666666667,2.75
PIP,160,33.827397260274,-1,26,20,0,8,3,2.93333333333333,1.76923076923077,-0.06666666666667,1.16410256410256
PIP,161,42.6986301369863,-1,29,8,1,2,3,3.85714285714286,1,0.85714285714286,2.85714285714286
PIP,162,36.9232876712329,-1,28,17,1,2,3.5,3.26666666666667,1.06666666666667,-0.23333333333333,2.2
PIP,163,38.2301369863014,-1,32,14,1,2,3.33333333333333,4,1.2,0.66666666666667,2.8
PIP,164,31.5260273972603,-1,23,9,1,4,3.57142857142857,4.2,1.13333333333333,0.62857142857143,3.06666666666667
PIP,165,34.972602739726,1,37,9,1,8,3.06666666666667,3.73333333333333,1.16666666666667,0.66666666666666,2.56666666666666
PIP,166,47.6109589041096,1,29,16,1,4,2.53333333333333,2.93333333333333,1.06666666666667,0.4,1.86666666666666
PIP,167,31.7068493150685,1,27,18,1,4,3.26666666666667,3.73333333333333,1.14285714285714,0.46666666666666,2.59047619047619
PIP,168,48.8986301369863,1,29,18,1,2,3.78571428571429,4,1.06666666666667,0.21428571428571,2.93333333333333
PIP,169,39.4109589041096,1,34,26,1,3,3.33333333333333,4.53333333333333,1.07142857142857,1.2,3.46190476190476
PIP,170,47.8794520547945,1,26,13,1,4,3.28571428571429,3.53333333333333,1.46666666666667,0.24761904761904,2.06666666666666
PIP,171,36.7397260273973,-1,35,21,0,1,1.73333333333333,2.33333333333333,1.26666666666667,0.6,1.06666666666666
PIP,172,48.5780821917808,1,24,19,0,9,3.14285714285714,3.18181818181818,1.73333333333333,0.0389610389610398,1.44848484848485
PIP,173,37.158904109589,1,27,12,1,1,3.25,4.14285714285714,1.06666666666667,0.89285714285714,3.07619047619047
PIP,174,44.2027397260274,-1,27,18,1,3,3.46666666666667,3.6,1.26666666666667,0.13333333333333,2.33333333333333
PIP,175,40.6246575342466,-1,33,14,1,3,2.85714285714286,4.42857142857143,1.07142857142857,1.57142857142857,3.35714285714286
PIP,176,48.7068493150685,-1,33,19,1,2,2.30769230769231,3.5,1,1.19230769230769,2.5
